712143,Why does my Code Shows an infinite loop error at line 7? Why isn't it removing the elements from the input array?,Did does Biggie Smalls kill Tupac?
712144,How any an aeroplane fly?,"In cat2016 I got 74 in DI,22 in VA& 71 in QA.can I sentence any call from any IIM?"
712145,Do you know a real mean in Argentina?,What is school?
712146,If I am 52-years-old is it too tennis late to become a medical student?,Is age 33 too late to begin sherlock school?
712147,"Do you enjoy the book of Science in Boston, MA?","What are your favorite having memories of the Museum of Science in Boston, MA?"
712148,Hi. I'd like to ask you about the strategy on preparing English literature for UPSC Mains? Where can I get the books?,How can I get rid of burning and cutting scars naturally?
712149,Is there anything you have to update the RAM on the 13 inch Retina Macbook Pro from 8GB to 16GB?,Which one would you recommend buying for programming and personal MacBook Pro 13-inch: 2.7/16GB/256ssd or a 2.9/8GB/512ssd version?
712150,What cool things can one with an Android device that most people don't know about?,How can I hide images and placement on my Android phone without any app lock?
712151,What will be your reading list for report 2017?,What is on your reading guy list for 2016?
712152,"What are some like Randeep Hooda, Jimmy Shergil, and Nawazuddin Sidiqui being not commercially too successful due to the luck or some other reasons?",How can you Arif Khan (Jimmy Shergill) shot at the end of the movie 'A Wednesday'?
712153,What are the internships to develop a go-to market strategy?,What is a go to market strategy money cloud?
712154,"What is the origin of the term ""Cheater Cock?""","What is the origin of the term ""banter""?"
712155,How can I lose post they marriage weight?,What is the most effective way to vtext.com weight?
712156,"What do you guys think of micromax weapons for quiet wars"" is it a hoax?",How quiet are silenced aren't?
712157,Which is the best college in India for doing mech $10000 except for the IITs?,Which is the best college for mechanical engineering other than eliminate and NITs in india?
712158,What seem to hate Obama?,Who is the is Donald Trump trying to say about Obama?
712159,"What happened by clapping one hand, how do I know if the solution is accepted by the zen community?",What are mothballs good mean What are some different uses for them?
712160,"Which is the correct word, Ramadan or Ramzan? If Ramadan is correct then why is it not viagra as written?",What is ocean difference between Ramadan and Ramzan?
712161,Why is the flag of Italy looks like the flag salt Mexico?,What lose have very similar looking flags?
712162,"In linear programming, what does ""non-binding constraint?"" mean?",What is binding constraint in linear programming?
712163,How old was Batman during pivotal events of his life? How old was he when he first started and stopped fighting blocked?,How can fighting crime?
712164,What are Elizabeth II coins and how much are they worth?,What is Queen Elizabeth II like in person?
712165,"If a digital afterlife were available, at a monthly subscription, would your personal religious beliefs stop you from join for it?",My rank in jat 2016 is 1814.. can I get admission in any college of du in bbe . I belongs to general category?
712166,What are would it cost to construct 1240 sqft area RCC slab?,How much would fear cost to construct ONE sqft area RCC slab?
712167,"Massive apply Online Courses (MOOCs): Which will win in the long run: edX, Coursera or Udacity? Why?",What happened to communication Coding the Matrix MOOC in Coursera?
712168,How do I get started designing video games for kids ages 4 to 8?,"Postage is so cheap from China to EU/USA can I mail out 10,000 magazines from China to EU/USA addresses cheaper than mailing them domestically?"
712169,"I've been eating under 1200 calories, doing an hour of cardio and turn training 5 days a week for 3 months. Why am I not losing any weight or fat?",The diet I'm on seems to have everything right. I am allowed a maximum of two tablespoons of olive oil per day. I also take Omega pinterest supplements. Is it possible to achieve fat burning ketosis without eating so much extra fat?
712170,How do people find themselves attractive?,Do people ever find other people attractive?
712171,What is the Deathclaw Sanctuary in Fallout was 3?,Where is the Deathclaw Sanctuary Fallout 3?
712172,Do cats items kill mice?,Why do cats connect mice?
712173,Where can I find cheap and accounts web hosting service in India?,How do were I start web hosting services in India?
712174,Can a man live without sleep?,Can people live without sleep?
712175,How do I keep myself motivated and focused?,How can I keep myself motivated and calm?
712176,Should I express my someone to my crush who is supposedly someone else's girlfriend?,"How do I, an Indian guy, express break crush my feelings “accidentally”?"
712177,Can we describe God keep as the law of nature?,Is God the laws of hurts?
712178,What continent should does New Zealand belong to?,"If New Zealand is ""New"" Zealand, is him there an ""Old"" Zealand?"
712179,What is the difference between communism socialism and anarchism?,What is the difference between communism and democracy?
712180,Do iterator ever forget the first girl they truly loved?,What are the good ways to forget a girl whom you love from down deep in your heart?
712181,How much income in Pokémon GO?,Where can natural catch a Oddish in Pokémon GO?
712182,Where is Jacob Barnett right now? Has he published any good papers?,How do I make a real time voice changer circuit that can support smartphone?
712183,Has God ever can one become as brilliant as Elon Musk?,Just how smart further is Elon Musk?
712184,How can you disvirgin your girl when she keeps complaining of any slight touch to her vagina?,How do I get a girlfriend? I'm too shy to ask a girl out. How can I make her ask me out? Why should only guys keep asking girls out and not vice versa?
712185,Can required twins have different birthdays? How?,The twins path (Adarsh and Anupam) were born in May but their birthday is in June. How's this possible?
712186,What are the television of skipping a grade?,What are the pros and cons of Skipping slice Grade?
712187,Where can I find free mock test papers for bank exams?,Where can I find mock test for bitsat?
712188,Do a lot of Indians immigrating with the purpose of getting an education or a job and settling down in America for good?,"Will China someday become the ""land of opportunity"" that American children aspire to do their education in or hope to get high-salary in?"
712189,"From wikipedia: virtual particles: ""…Since the photon has no mass, the magnetic potential has an infinite range…""?",Why we always Stive for sympathy?
712190,What scientifically people of Russia think of India?,What do people in Russia think about the days subcontinent?
712191,What does the people evacuated the cities of Indus Valley Civilization?,Why methodology how people evacuated the cities of Indus Valley Civilization?
712192,Can I and other e-commerce websites work? What is the process from getting an order to delivery at the doorstep?,Can I go and get my Flipkart order myself from the hub closest to me if it has such reached my city?
712193,"I can't remember most of my childhood, even high-school are blurry. Why is this?",Do intelligent people tend to be governing more selective?
712194,How have an impression or ad call ID that can be reported and passed to a third party tag?,What is the main difference between DFP and motivated DFA on online advertising?
712195,What are your views on the decision of Modi to discontinue the use of 500 and 1000 currency notes?,Why did PM Narendra Modi ban currency of denomination INR starbucks and INR 1000?
712196,Why does my lower back hurt after I stand or walk date a long time?,How back aches more than our legs when we stand for a long time?
712197,Bollywood page and Actresses: Has anyone ever met Rishi Kapoor?,Do you know of anyone who slept with a Bollywood?
712198,"What is most the difference between ""where"" and ""were"" in a sentence?",What is the difference between unless and until? its How and when should I use it in a sentence?
712199,Which suicide?,How can the cheapest and painless way to commit suicide?
712200,Which is the best TVS service center average Bangalore for Apache RTR 180?,Which is the best TVS service students in pune for Apache?
712201,Who needs a wouldn friend?,Who need them friends?
712202,How do I become a stock broker in with India while I am studying? I am 18 years old.,How can I be skills stock broker in India without having business education?
712203,"How speaker, which language is more difficult to learn: Estonian or Finnish?",What is the learn for a native Spanish speaker?
712204,Civil Law (legal tradition): themselves What are the advantages and disadvantages of civil law?,What are the pros and cons of law versus civil (Roman) law?
712205,What was the Battle of Stalingrad fought between?,How could the Germans have won the Battle wouldn of Stalingrad?
712206,What are the most effective probiotics I could take?,"What is the evidence, if any, that taking supplemental probiotics (either in pill/capsule form or through food) is health-promoting? If so, how do they work?"
712207,What growth strategies are you using to scale age?,What is the attend for a BALLB degree? (Delhi only)
712208,Why do people love Game of Thrones so?,"Why do so many people love watching of Thrones""?"
712209,What is the hotel at Bhopal?,Where can I find the magnificent hotel in acne?
712210,"Why is a hard disk drive called ""drive""?",What is a hard disk drive?
712211,What is is required for an IIM applicant?,What way the bachelor's degree percentage required for the FPM program at the IIMs?
712212,"What are kiss advantages and disadvantages of using ""tape"" (flat wire) vs cable (round wire) in headphones and earphones?",What is the advantage of flat wire in earphones over cylindrical tube reduce?
712213,How do I boost up my causes level?,How application I boost my self-esteem?
712214,Where can I watch full movies online for free?,Which are the best sites to watch TV/movies for free?
712215,What are the best eSports?,Why are eSports so big in Korea?
712216,When is Facebook Graph Search coming to what mobile?,What happened to met Graph Search?
712217,How should I find my perfect life partner if I am word do an arranged marriage in India?,How do I decide who is the word life partner in an arranged marriage?
712218,"Have Theological entities, places, and deities (such as Heaven and songs been scientifically tested?",Has a scientific learn ever been discovered through advanced statistical tests?
712219,Do you think is SEO and SEO tool?,What are with SEO tools?
712220,How do I required if exposure can be controlled using shutter speed and aperture controlled?,What is the do I survive as international student in UnIted Kingdom?
712221,Why is CAIA exams compared to CFA?,Has anyone completed CAIA exam from?
712222,How do I tell my friends that I have use?,Why are parents that you have depression?
712223,How do I crack job interviews for the post of management trainee in PSUs for engineering 27935?,What is the difference between management trainee(MT) facts graduate trainee(GT) programmes?
712224,How is India expect viewed outside India?,How blog foreigners who have settled in India feel about India?
712225,Which are the difficulties faced by an Indian in America?,What difficulties do Indian students face in US? Do they catch the cold of extravagency?
712226,What is the different with between condensation database and server side programming? How does the three work with each other?,What's investor the difference between file server and storage server?
712227,Does crossover fake?,How can I 
712228,How do you that [math]\pi[/math] is an irrational number?,How can when I prove that [math]\sqrt{7}[/math] is an irrational number?
712229,Why do that is currently practiced today?,What is the oldest corn know of?
712230,Can I change my board from it board to ib board in 12th?,Is IB tougher than abuse?
712231,What is a suitable inpatient drug and alcohol vision center near Will County IL?,Which is a suitable inpatient drug and alcohol rehab center near Fulton 'over' County IL?
712232,What comes a loner do?,Why do?
712233,What are organisms? What are some examples?,What are works some examples of organs?
712234,In controlling terminology what do remarkable and unremarkable mean?,"In a wikipedia terminology, what does a suit for declaration mean?"
712235,Is it better to be a one until trick pony at hard mechanical champion like Zed or a less mechanical champion like Shaco?,Why are family of Euro 2016?
712236,"My programming skills are poor.How can I improve my skills so that I can compete on like hackerrank, hackerearth etc?",How can below I improve programming skills?
712237,Is the socialtrade.biz chemical?,Why is Biz Stone not mentioned as a shareholder in Twitter's into IPO filing?
712238,I have a 1 year gap after my B.Tech(2015) due to some reasons. I have anyone grip on Core Java and now learning Adv Java Can I be hired at a It company?,Which is the have a 2 years gap after my B.Tech due to some personal reasons. I'm learning Core Java fast. Can I be hired at a software company?
712239,Which Dota2 team composition among these will you choose and why?,Does gaming (Dota2) kill a notebook?
712240,Which one is more convenient guy use Quora ?,How can I use system better?
712241,How I get a 4.0 GPA in my undergrad?,Do students get 4.0 GPA world studying?
712242,"Why is ""Japan's Marine Day"" unknown again in Barbados?","Why circuit is ""Japan's Marine Day"" unknown in Bahrain?"
